"Group","Member"
"101","111"
"101","201"
"101","249"
"102","202"
"102","203"
"102","204"
"103","206"
"103","208"
"103","209"
"103","210"
"103","211"
"103","305"
"103","306"
"103","307"
"103","309"
"103","310"
"103","400"
"104","212"
"104","213"
"104","239"
"104","240"
"105","214"
"105","215"
"105","216"
"105","255"
"106","217"
"106","218"
"106","440"
"107","219"
"107","220"
"107","221"
"107","223"
"107","224"
"107","247"
"107","252"
"108","225"
"108","226"
"108","227"
"108","228"
"108","229"
"108","230"
"108","246"
"109","231"
"109","232"
"109","233"
"109","234"
"109","235"
"109","236"
"109","248"
"109","313"
"113","112"
"113","237"
"113","238"
"113","242"
"113","253"
"113","254"
"113","315"
"113","325"
"113","326"
"244","245"
